T (K),S experimental/reference (J mol⁻¹ K⁻¹),source,source_url,data_type
298.15,26.85403097,"NIST Chemistry WebBook SRD 69; Chase (1998), solid MgO Shomate correlation",https://webbook.nist.gov/cgi/cbook.cgi?ID=C1309484&Plot=on&Type=JANAFS,evaluated standard entropy at 1 bar from Shomate correlation
300.00,27.08352610,"NIST Chemistry WebBook SRD 69; Chase (1998), solid MgO Shomate correlation",https://webbook.nist.gov/cgi/cbook.cgi?ID=C1309484&Plot=on&Type=JANAFS,evaluated standard entropy at 1 bar from Shomate correlation
350.00,33.08568327,"NIST Chemistry WebBook SRD 69; Chase (1998), solid MgO Shomate correlation",https://webbook.nist.gov/cgi/cbook.cgi?ID=C1309484&Plot=on&Type=JANAFS,evaluated standard entropy at 1 bar from Shomate correlation
400.00,38.65657547,"NIST Chemistry WebBook SRD 69; Chase (1998), solid MgO Shomate correlation",https://webbook.nist.gov/cgi/cbook.cgi?ID=C1309484&Plot=on&Type=JANAFS,evaluated standard entropy at 1 bar from Shomate correlation
450.00,43.79822446,"NIST Chemistry WebBook SRD 69; Chase (1998), solid MgO Shomate correlation",https://webbook.nist.gov/cgi/cbook.cgi?ID=C1309484&Plot=on&Type=JANAFS,evaluated standard entropy at 1 bar from Shomate correlation
500.00,48.54764211,"NIST Chemistry WebBook SRD 69; Chase (1998), solid MgO Shomate correlation",https://webbook.nist.gov/cgi/cbook.cgi?ID=C1309484&Plot=on&Type=JANAFS,evaluated standard entropy at 1 bar from Shomate correlation
550.00,52.94877289,"NIST Chemistry WebBook SRD 69; Chase (1998), solid MgO Shomate correlation",https://webbook.nist.gov/cgi/cbook.cgi?ID=C1309484&Plot=on&Type=JANAFS,evaluated standard entropy at 1 bar from Shomate correlation
600.00,57.04339545,"NIST Chemistry WebBook SRD 69; Chase (1998), solid MgO Shomate correlation",https://webbook.nist.gov/cgi/cbook.cgi?ID=C1309484&Plot=on&Type=JANAFS,evaluated standard entropy at 1 bar from Shomate correlation
650.00,60.86851591,"NIST Chemistry WebBook SRD 69; Chase (1998), solid MgO Shomate correlation",https://webbook.nist.gov/cgi/cbook.cgi?ID=C1309484&Plot=on&Type=JANAFS,evaluated standard entropy at 1 bar from Shomate correlation
700.00,64.45604101,"NIST Chemistry WebBook SRD 69; Chase (1998), solid MgO Shomate correlation",https://webbook.nist.gov/cgi/cbook.cgi?ID=C1309484&Plot=on&Type=JANAFS,evaluated standard entropy at 1 bar from Shomate correlation
750.00,67.83321444,"NIST Chemistry WebBook SRD 69; Chase (1998), solid MgO Shomate correlation",https://webbook.nist.gov/cgi/cbook.cgi?ID=C1309484&Plot=on&Type=JANAFS,evaluated standard entropy at 1 bar from Shomate correlation
800.00,71.02325380,"NIST Chemistry WebBook SRD 69; Chase (1998), solid MgO Shomate correlation",https://webbook.nist.gov/cgi/cbook.cgi?ID=C1309484&Plot=on&Type=JANAFS,evaluated standard entropy at 1 bar from Shomate correlation
850.00,74.04598284,"NIST Chemistry WebBook SRD 69; Chase (1998), solid MgO Shomate correlation",https://webbook.nist.gov/cgi/cbook.cgi?ID=C1309484&Plot=on&Type=JANAFS,evaluated standard entropy at 1 bar from Shomate correlation
900.00,76.91839128,"NIST Chemistry WebBook SRD 69; Chase (1998), solid MgO Shomate correlation",https://webbook.nist.gov/cgi/cbook.cgi?ID=C1309484&Plot=on&Type=JANAFS,evaluated standard entropy at 1 bar from Shomate correlation
950.00,79.65510800,"NIST Chemistry WebBook SRD 69; Chase (1998), solid MgO Shomate correlation",https://webbook.nist.gov/cgi/cbook.cgi?ID=C1309484&Plot=on&Type=JANAFS,evaluated standard entropy at 1 bar from Shomate correlation
1000.00,82.26879267,"NIST Chemistry WebBook SRD 69; Chase (1998), solid MgO Shomate correlation",https://webbook.nist.gov/cgi/cbook.cgi?ID=C1309484&Plot=on&Type=JANAFS,evaluated standard entropy at 1 bar from Shomate correlation
1050.00,84.77045708,"NIST Chemistry WebBook SRD 69; Chase (1998), solid MgO Shomate correlation",https://webbook.nist.gov/cgi/cbook.cgi?ID=C1309484&Plot=on&Type=JANAFS,evaluated standard entropy at 1 bar from Shomate correlation
1100.00,87.16972814,"NIST Chemistry WebBook SRD 69; Chase (1998), solid MgO Shomate correlation",https://webbook.nist.gov/cgi/cbook.cgi?ID=C1309484&Plot=on&Type=JANAFS,evaluated standard entropy at 1 bar from Shomate correlation
1150.00,89.47506328,"NIST Chemistry WebBook SRD 69; Chase (1998), solid MgO Shomate correlation",https://webbook.nist.gov/cgi/cbook.cgi?ID=C1309484&Plot=on&Type=JANAFS,evaluated standard entropy at 1 bar from Shomate correlation
1200.00,91.69392746,"NIST Chemistry WebBook SRD 69; Chase (1998), solid MgO Shomate correlation",https://webbook.nist.gov/cgi/cbook.cgi?ID=C1309484&Plot=on&Type=JANAFS,evaluated standard entropy at 1 bar from Shomate correlation
