T (K),molar volume (cm^3 mol^-1),conventional cell volume (A^3),linear alpha experimental (K^-1),volumetric alpha derived (K^-1),source,doi_or_url
5,11.199,74.38550805,0.00000000e+00,0.00000000e+00,"Reeber, Goessel & Wang (1995), NIST SCD Z00631",https://srdata.nist.gov/CeramicDataPortal/Scd/Z00631
100,11.201,74.39879237,1.86000000e-06,5.58000000e-06,"Reeber, Goessel & Wang (1995), NIST SCD Z00631",https://srdata.nist.gov/CeramicDataPortal/Scd/Z00631
200,11.217,74.50506687,7.35000000e-06,2.20500000e-05,"Reeber, Goessel & Wang (1995), NIST SCD Z00631",https://srdata.nist.gov/CeramicDataPortal/Scd/Z00631
300,11.247,74.70433155,1.02000000e-05,3.06000000e-05,"Reeber, Goessel & Wang (1995), NIST SCD Z00631",https://srdata.nist.gov/CeramicDataPortal/Scd/Z00631
400,11.284,74.95009134,1.18000000e-05,3.54000000e-05,"Reeber, Goessel & Wang (1995), NIST SCD Z00631",https://srdata.nist.gov/CeramicDataPortal/Scd/Z00631
500,11.326,75.22906190,1.28000000e-05,3.84000000e-05,"Reeber, Goessel & Wang (1995), NIST SCD Z00631",https://srdata.nist.gov/CeramicDataPortal/Scd/Z00631
600,11.371,75.52795893,1.34000000e-05,4.02000000e-05,"Reeber, Goessel & Wang (1995), NIST SCD Z00631",https://srdata.nist.gov/CeramicDataPortal/Scd/Z00631
700,11.418,75.84014028,1.39000000e-05,4.17000000e-05,"Reeber, Goessel & Wang (1995), NIST SCD Z00631",https://srdata.nist.gov/CeramicDataPortal/Scd/Z00631
800,11.466,76.15896378,1.42000000e-05,4.26000000e-05,"Reeber, Goessel & Wang (1995), NIST SCD Z00631",https://srdata.nist.gov/CeramicDataPortal/Scd/Z00631
900,11.516,76.49107159,1.45000000e-05,4.35000000e-05,"Reeber, Goessel & Wang (1995), NIST SCD Z00631",https://srdata.nist.gov/CeramicDataPortal/Scd/Z00631
1000,11.566,76.82317940,1.46000000e-05,4.38000000e-05,"Reeber, Goessel & Wang (1995), NIST SCD Z00631",https://srdata.nist.gov/CeramicDataPortal/Scd/Z00631
1100,11.618,77.16857153,1.50000000e-05,4.50000000e-05,"Reeber, Goessel & Wang (1995), NIST SCD Z00631",https://srdata.nist.gov/CeramicDataPortal/Scd/Z00631
1200,11.671,77.52060581,1.55000000e-05,4.65000000e-05,"Reeber, Goessel & Wang (1995), NIST SCD Z00631",https://srdata.nist.gov/CeramicDataPortal/Scd/Z00631
1300,11.727,77.89256656,1.60000000e-05,4.80000000e-05,"Reeber, Goessel & Wang (1995), NIST SCD Z00631",https://srdata.nist.gov/CeramicDataPortal/Scd/Z00631
1400,11.784,78.27116947,1.64000000e-05,4.92000000e-05,"Reeber, Goessel & Wang (1995), NIST SCD Z00631",https://srdata.nist.gov/CeramicDataPortal/Scd/Z00631
1500,11.843,78.66305669,1.68000000e-05,5.04000000e-05,"Reeber, Goessel & Wang (1995), NIST SCD Z00631",https://srdata.nist.gov/CeramicDataPortal/Scd/Z00631
1600,11.904,79.06822822,1.72000000e-05,5.16000000e-05,"Reeber, Goessel & Wang (1995), NIST SCD Z00631",https://srdata.nist.gov/CeramicDataPortal/Scd/Z00631
1700,11.966,79.48004191,1.76000000e-05,5.28000000e-05,"Reeber, Goessel & Wang (1995), NIST SCD Z00631",https://srdata.nist.gov/CeramicDataPortal/Scd/Z00631
1800,12.03,79.90513991,1.80000000e-05,5.40000000e-05,"Reeber, Goessel & Wang (1995), NIST SCD Z00631",https://srdata.nist.gov/CeramicDataPortal/Scd/Z00631
1900,12.096,80.34352223,1.84000000e-05,5.52000000e-05,"Reeber, Goessel & Wang (1995), NIST SCD Z00631",https://srdata.nist.gov/CeramicDataPortal/Scd/Z00631
2000,12.163,80.78854670,1.87000000e-05,5.61000000e-05,"Reeber, Goessel & Wang (1995), NIST SCD Z00631",https://srdata.nist.gov/CeramicDataPortal/Scd/Z00631
2100,12.232,81.24685548,1.91000000e-05,5.73000000e-05,"Reeber, Goessel & Wang (1995), NIST SCD Z00631",https://srdata.nist.gov/CeramicDataPortal/Scd/Z00631
2200,12.303,81.71844857,1.94000000e-05,5.82000000e-05,"Reeber, Goessel & Wang (1995), NIST SCD Z00631",https://srdata.nist.gov/CeramicDataPortal/Scd/Z00631
2300,12.376,82.20332598,1.98000000e-05,5.94000000e-05,"Reeber, Goessel & Wang (1995), NIST SCD Z00631",https://srdata.nist.gov/CeramicDataPortal/Scd/Z00631
2400,12.45,82.69484555,2.01000000e-05,6.03000000e-05,"Reeber, Goessel & Wang (1995), NIST SCD Z00631",https://srdata.nist.gov/CeramicDataPortal/Scd/Z00631
2500,12.526,83.19964942,2.05000000e-05,6.15000000e-05,"Reeber, Goessel & Wang (1995), NIST SCD Z00631",https://srdata.nist.gov/CeramicDataPortal/Scd/Z00631
2600,12.604,83.71773761,2.08000000e-05,6.24000000e-05,"Reeber, Goessel & Wang (1995), NIST SCD Z00631",https://srdata.nist.gov/CeramicDataPortal/Scd/Z00631
2700,12.683,84.24246796,2.11000000e-05,6.33000000e-05,"Reeber, Goessel & Wang (1995), NIST SCD Z00631",https://srdata.nist.gov/CeramicDataPortal/Scd/Z00631
2800,12.765,84.78712477,2.15000000e-05,6.45000000e-05,"Reeber, Goessel & Wang (1995), NIST SCD Z00631",https://srdata.nist.gov/CeramicDataPortal/Scd/Z00631
2900,12.848,85.33842374,2.18000000e-05,6.54000000e-05,"Reeber, Goessel & Wang (1995), NIST SCD Z00631",https://srdata.nist.gov/CeramicDataPortal/Scd/Z00631
