T (K),KS experimental (GPa),uncertainty (GPa),source,doi_or_url
300,161.6,0.6,"Isaak, Anderson & Goto (1989), NIST SCD Z00281",https://srdata.nist.gov/CeramicDataPortal/Scd/Z00281
400,158.9,,"Isaak, Anderson & Goto (1989), NIST SCD Z00281",https://srdata.nist.gov/CeramicDataPortal/Scd/Z00281
500,156.1,,"Isaak, Anderson & Goto (1989), NIST SCD Z00281",https://srdata.nist.gov/CeramicDataPortal/Scd/Z00281
600,153.2,,"Isaak, Anderson & Goto (1989), NIST SCD Z00281",https://srdata.nist.gov/CeramicDataPortal/Scd/Z00281
700,150.5,,"Isaak, Anderson & Goto (1989), NIST SCD Z00281",https://srdata.nist.gov/CeramicDataPortal/Scd/Z00281
800,147.4,0.8,"Isaak, Anderson & Goto (1989), NIST SCD Z00281",https://srdata.nist.gov/CeramicDataPortal/Scd/Z00281
900,144.4,,"Isaak, Anderson & Goto (1989), NIST SCD Z00281",https://srdata.nist.gov/CeramicDataPortal/Scd/Z00281
1000,141.4,,"Isaak, Anderson & Goto (1989), NIST SCD Z00281",https://srdata.nist.gov/CeramicDataPortal/Scd/Z00281
1100,138.3,,"Isaak, Anderson & Goto (1989), NIST SCD Z00281",https://srdata.nist.gov/CeramicDataPortal/Scd/Z00281
1200,135.1,,"Isaak, Anderson & Goto (1989), NIST SCD Z00281",https://srdata.nist.gov/CeramicDataPortal/Scd/Z00281
1300,132.1,1.1,"Isaak, Anderson & Goto (1989), NIST SCD Z00281",https://srdata.nist.gov/CeramicDataPortal/Scd/Z00281
1400,128.9,,"Isaak, Anderson & Goto (1989), NIST SCD Z00281",https://srdata.nist.gov/CeramicDataPortal/Scd/Z00281
1500,125.7,,"Isaak, Anderson & Goto (1989), NIST SCD Z00281",https://srdata.nist.gov/CeramicDataPortal/Scd/Z00281
1600,122.5,,"Isaak, Anderson & Goto (1989), NIST SCD Z00281",https://srdata.nist.gov/CeramicDataPortal/Scd/Z00281
1700,119.6,,"Isaak, Anderson & Goto (1989), NIST SCD Z00281",https://srdata.nist.gov/CeramicDataPortal/Scd/Z00281
1800,116.6,1.4,"Isaak, Anderson & Goto (1989), NIST SCD Z00281",https://srdata.nist.gov/CeramicDataPortal/Scd/Z00281
